Listing URL,Listing Age (Days),Listing Status,Brand,Model,Engine CC,Engine Class,Asking Price (SGD),Mileage (km),Registration Date,COE Expiry,Age (Days),Age (Years),COE Remaining (Days),COE Remaining (Years),Road Tax Expiry,Number of Owners,Location,Price Changes (Original),Price change %,Payment option,Maintenance History,Accident/Damage Disclosure,Modifications,Tyre Condition,Chain/Sprocket Condition,Visible Rust/Corrosion,Visible Damage,Evidence Completeness,Description Notes,Red Flags,Comparable Group ID
"Honda CB190R / CBF190WH | COE Mar 2027 | S$1,300, Motorcycles, Used Motorcycles, Class 2B on Carousell",1,Available,Honda,CB190R,190,2B,1300,99000,27/3/2017,27/8/2027,3450,9.45,355,0.97,NA,NA,"Geylang, Dakota, Paya Lebar Central, Eunos, Ubi, Aljunied, Kaki Bukit",4501,71.12%,Not Specified,5,NA,NA,3,4,4,4,5,"Honda CB190R|CBF190WH | COE Mar 2027 | S$1,300 Negotiable Selling my Honda CB190R as I no longer need the bike. COE: 2 March 2027 Mileage: ~99,000 km Price: S$1,300, negotiable for sincere buyer Top box included Bike runs and rides well. Recently brought to workshop for evaluation and fresh engine oil. Maintenance / parts replaced: - Starter motor – Jul 2026 - Maxxis ST95 tyre set – Jun 2026 - Rear wheel bearings – May 2026 - Full servicing – Apr 2026 - S22 tyres – Dec 2025 - Cone bearing – Dec 2025 - Exhaust – Sep 2025 - Clutch plate, housing & cable – Aug 2025 - Air filter – Jul 2025 - Rear brake disc & pad – Jul 2025 - Magnetic coil, rectifier & gasket – Jun 2025 - Battery – Jun 2025 - Spark plug – Jun 2025 Known issue: When the engine is cold, it needs a little throttle during startup/warm-up. Once warmed up, bike runs normally. Workshop advised that this may be related to the throttle body, otherwise further engine inspection may be required. Chain need to tighten or change Selling as-is and being transparent about the condition. Welcome to view/test the bike before deciding. Good short-term transport until COE expiry. Negotiable for a smooth deal.",High mileage,HONDA|CB190R|2B|CC0-200|COE0-2|AGE6-10|M80-120K|COND4
https://carousell.app.link/J4vbt0sLW5b,7,Available,Honda,CB400X,399,2A,3200,,28/5/2017,28/5/2027,3388,9.28,264,0.72,NA,NA,"Hillview, Bukit Panjang, Bukit Batok, Choa Chu Kang",NA,#VALUE!,Not Specified,5,NA,NA,4,4,5,4,5,Honda CB400X (LED). COE till May 2027 renewable. Selling to upgrade. Used for weekend leisure rides and parked in a sheltered carpark.Full service done by Dreams Motorworks in March 2026. Receipt available. Michelin Road 6 front & rear (Dec 2025). Supersprox chain/sprocket. Givi top box. Fits up to 2 smaller helmets. See last pic. Neutral light works intermittently. This only affects the neutral light on the dashboard. Doesn't affect the gearbox or bother me so I didn't change it. Replacement OEM neutral switch costs $13.55 SGD on webike.sg (part# 35600-MK4-860) if you want.,Dashboard has display issues,HONDA|CB400X|2A|CC201-400|COE0-2|AGE6-10|M-NA|COND4
https://sgbikemart.com.sg/listing/usedbike/yamaha-yamaha-xmax-300/42531/,1,Available,Yamaha,Xmax 300,292,2A,17000,56000,28/12/2023,27/12/2033,983,2.69,2669,7.31,NA,1,,NA,#VALUE!,Not Specified,5,NA,NA,4,4,5,5,4,Yamaha Xmax 300 For Sale. Good Condition. Well Maintained. Original Specifications With No Modifications. Smooth And Comfortable For Daily Riding. Price Negotiable For Genuine Buyers. PM For More Information. Serious Buyers Only.,N/A,YAMAHA|XMAX300|2A|CC201-400|COE5-8|AGE0-3|M40-80K|COND5
https://sgbikemart.com.sg/listing/usedbike/yamaha-yamaha-t135-spark/42511/,1,Available,Yamaha,T135 Spark,15,2B,6777,34490,9/6/2011,30/4/2031,5568,15.24,1697,4.65,NA,3,"Woodlands, Admiralty",NA,#VALUE!,Not Specified,4,NA,NA,4,4,4,4,,Pre Owned Yamaha T135 Spark For Sale. COE Till Apr 2031.,Unclear display panel,YAMAHA|T135SPARK|2B|CC0-200|COE2-5|AGE15+|M20-40K|COND4
https://sgbikemart.com.sg/listing/usedbike/yamaha-yamaha-mt-03/42248/,1,Available,Yamaha,MT-03,321,2A,1900,NA,5/4/2017,4/4/2027,3441,9.42,210,0.57,NA,NA,"Woodlands, Admiralty",NA,#VALUE!,Not Specified,4,NA,NA,4,4,4,5,4,"Yamaha MT-03 For Sale. COE Till Apr 2027. Stock Condition. Loan Available, Welcome Trade In. Come Visit Us At Sin Boon Motor. Interested Buyers Are Welcome To Negotiate.",only 7 months coe left but never provide mileage so not sure how used the bike is although the appearance looks well-maintained,YAMAHA|MT-03|2A|CC201-400|COE0-2|AGE6-10|M-NA|COND4
https://sgbikemart.com.sg/listing/usedbike/yamaha-yamaha-sniper-155/40064/,1,Available,Yamaha,Sniper 155,155,2B,12888,NA,18/5/2023,17/5/2033,1207,3.30,2445,6.69,NA,NA,"Geylang, Dakota, Paya Lebar Central, Eunos, Ubi, Aljunied, Kaki Bukit",NA,#VALUE!,Not Specified,5,NA,NA,5,5,5,5,5,Yamaha Sniper 155 For Sale. Well Maintained. Good Condition. First Owner Only. Low Mileage. All Service. New Tyres. PM For More Information. Serious Buyers Only.,mileage not given so not sure how used bike is,YAMAHA|SNIPER155|2B|CC0-200|COE5-8|AGE3-6|M-NA|COND5
https://sgbikemart.com.sg/listing/usedbike/yamaha-yamaha-aerox-155/42510/,1,Available,Yamaha,Aerox 155,155,2B,10777,170208,23/10/2023,22/10/2033,1049,2.87,2603,7.13,NA,NA,"Woodlands, Admiralty",NA,#VALUE!,Not Specified,4,NA,NA,4,3,4,4,4,Pre Owned Yamaha Aerox 155 For Sale. COE Till Oct 2033.,,YAMAHA|AEROX155|2B|CC0-200|COE5-8|AGE0-3|M120K+|COND4
https://carousell.app.link/s9aSc1dy75b,7,Available,Honda,X-ADV 750,745,2,3000,NA,NA,NA,#VALUE!,#VALUE!,#VALUE!,#VALUE!,NA,NA,"Kranji, Lim Chu Kang, Sungei Gedong, Tengah",NA,#VALUE!,Not Specified,3,NA,NA,5,5,5,5,4,"BRAND NEW HONDA X-ADV 750 FOR SALE!! Engine Type : 745cc liquid-cooled | Seat Height : 820mm | Fuel Tank Capacity : 13.2 litres | Fuel Consumption : Approx. 28km/l | Wet Weight : 237kg ??Come Visit Us For A Non-Obligation Discussion, Transparent Price Breakdown & Procedures On Getting Your Dream Bike.?? ?? Low Interest Rate ?? No Admin / Loan Fee ?? Warranty & Servicing Covered ?? No Hidden Cost ?? Transparent Price Breakdown ?? No First Month Upfront ?? Monthly Instalment Via PayNow ?? Online Processing Before Bike Collection ?? Aftersales Support & Services",mileage and COE information not given so not sure how used bike is,#VALUE!
https://carousell.app.link/7nWbyQVz75b,30,Available,Honda,Forza 350,330,2A,2000,NA,NA,NA,#VALUE!,#VALUE!,#VALUE!,#VALUE!,NA,NA,"Jurong East, Jurong West, Boon Lay",NA,#VALUE!,Not Specified,3,NA,NA,5,5,5,5,3,"ooking for the perfect scooter with power, comfort, and practicality? The Honda ADV350 and Forza 350 are ready for you! ?? EXCLUSIVE FREEBIES ? Attractive 3.8% Interest Rate (Full Cash Purchase Welcome Too!) ? 4 FREE Servicing Sessions ? OBU Included ? Road Tax Included ? Free Bracket & Top Box (Selected Models Only) ? Free Phone Holder ?? EASY & HASSLE-FREE PURCHASE ? From Only $2000 Downpayment ? Insurance Included ? No Upfront Installment ? No First Payment Required ? No Payslip or CPF Statement Needed ? No Income Proof Required ? Trade-In Welcome ? Work Permit, S Pass & PR Welcome ?? 100% TRANSPARENT PRICING ?? No Admin Fee ?? No Processing Fee ?? No Hidden Costs ?? No Gimmicks ?? 100% Legit & Reliable ?? PayNow Accepted",mileage and COE information not given so not sure how used bike is,#VALUE!
https://carousell.app.link/kvXmvaoA75b,4,Available,Honda,RS150R,150,2B,3900,61315,13/9/2028,9/12/2028,2912,7.98,740,2.03,,1,"Queenstown, Alexandra, Tiong Bahru",NA,#VALUE!,Not Specified,3,NA,NA,5,5,4,4,4,Pre Owned Honda RS150 Coe Sep 2028 Renewable $3900 Before Insurance ? Registration Date Sep 2018 ? One Owner ? Good Condition ? No Hidden Cost ? No Admin Fees,maintenance history is not comprehensive,HONDA|RS150R|2B|CC0-200|COE2-5|AGE6-10|M40-80K|COND4
https://www.carousell.sg/p/suzuki-gsx-r-r150-cheapest-1457496901/?t-id=718Kst8Zlf_1788366833321&t-referrer_browse_type=categories&t-referrer_category_id=1595&t-referrer_context_ccid=1997&t-referrer_page_type=category_browse&t-referrer_request_id=gJaKgOJBB9zfiGrh&t-referrer_sort_by=popular&t-tap_index=5,7,Available,Suzuki,GSX-R R150,147,2B,13288,1042,2/10/2023,2/10/2033,1070,2.93,2583,7.07,NA,NA,"Hillview, Bukit Panjang, Bukit Batok, Choa Chu Kang",NA,#VALUE!,Not Specified,5,NA,NA,3,NA,5,5,3,"??Cheapest in market ??

Registration date: Oct 2023
Coe : Oct 2033 (renewable) 

$1500 downpayment 
Monthly :$278 only!!

??Minimum down payment $500 only 
??Warranty provided 
??Low interest rate 
??Fast loan approval 
??Free gift 
??High trade in 
??Reloan/Financing 

Contact me us for more details 
???????Zac
??8886 0604

??1 Bukit Batok Cres, Wcega Plaza #04-54 S658064 

???Operation hours
Mon-Sun
11.30am-6pm
Anytime after 6pm, we’ll do our best to accommodate, feel free to reach out :)",Not many pictures of the bike,SUZUKI|GSX-RR150|2B|CC0-200|COE5-8|AGE0-3|M0-20K|COND5
https://www.carousell.sg/p/coe-2034-pre-owned-suzuki-gsx1300r-hayabusa-l4-%E2%80%BC%EF%B8%8F-1448776548/?t-id=718Kst8Zlf_1788366833321&t-referrer_browse_type=categories&t-referrer_category_id=7100&t-referrer_context_ccid=7100&t-referrer_page_type=category_browse&t-referrer_request_id=3E5jV8Rk2dWv7KEL&t-referrer_sort_by=popular&t-tap_index=6,7,Available,Suzuki,GSX-R1300 Hayabusa,1300,2,20996,159000,30/9/2024,30/9/2034,706,1.93,2946,8.07,30/9/2026,NA,"Hillview, Bukit Panjang, Bukit Batok, Choa Chu Kang",23996,12.50%,Not Specified,4,NA,NA,4,4,4,4,4,"Pre-Owned Suzuki GSX1300R Hayabusa L4 ?? 
Purchase Price : $23,996.00
COE Expired : 30 SEP 2034
Mileage : 159,000KM
Road Tax Expired : 30 SEP 2026
Inspection Valid Till : 30 SEP 2026

*Take Note Some Accessories Need Top Up*

Make your appointment with any of our sales executive now. Ready Stock, Ready COE & Ready You!

We are proud to serve you now and always. 

Cheers ! 

?????????????? ????

???????? ????????????????????:
??Darren Tan: 8868 6800
??Jordan : 9819 1391
??Ryan : 8858 4788
??Vincent Ngiam: 8338 8337  

Revolution Bike Pte Ltd 
Address: 1 Bukit Batok Crescent 
Wcega Plaza #03-24
Singapore 658064
Office          : 6518 3226
Email           : s*****s@r*************.sg 
Website      : www.revolutionbike.sg

Operation Hours:
Monday to Friday - 10.00am to 8.00pm 
Saturday - 10.00am to 6.00pm 
Closed on public holiday & Sunday

BUY / SELL / TRADE / BIKE FINANCING / COE FINANCING / WORKSHOP SERVICES /
LOAN EVALUATION / BIKE INVENTORY/ FREE CONSULTATION",High mileage,SUZUKI|GSX-R1300HAYABUSA|2|CC1200+|COE8-10|AGE0-3|M120K+|COND4
https://www.carousell.sg/p/suzuki-drz-400-sm-k8-1455246969/?t-id=718Kst8Zlf_1788366833321&t-referrer_browse_type=categories&t-referrer_category_id=7100&t-referrer_context_ccid=7100&t-referrer_page_type=category_browse&t-referrer_request_id=goIXtGa07PZ0NIcQ&t-referrer_sort_by=popular&t-tap_index=1,21,Available,Suzuki,DRZ400SM,398,2A,4666,55000,1/5/2008,31/1/2028,6702,18.35,512,1.40,NA,NA,"Punggol, Sengkang, Hougang, Kovan, Serangoon, Lorong Ah Soo",4999,6.66%,Not Specified,3,Present,Significant,4,3,3,3,5,"First registered - May 2008
COE expires - 31st January 2028
SK Chassis

Selling my beloved DRZ, took over on Dec 2023 and changed many parts upon taking over including a new paint job & rim wrap. 

Hel hose and Delta barrel exhaust (LTA legal but no physical cert) already fitted. No issues with inspection.

0 crashes under my ownership.

Some of the things i changed are:
Zeta Clutch and Brake Lever (2026)
Zeta Clutch and Brake Pedal (2024)
Zeta Fork Top Bleed
Zeta chain guide
Zeta Engine Plugs
DRC tail tidy
DRC coolant hose
JD Jet kit
3x3 Air Box Mod
Ori Key Switch
Ori Helmet lock
Ori Fuel tank cap
Ori side stand
Wide seat
Clutch cable
Trailtech Speedometer Sensor (2026)
Battery, Magnetic Coil & Rectifier (2026)

I have kept a list of almost every servicing and parts changed during my ownership, 95% of the time done with Ah Chong Lightning at Jln Besar.

XXXXXkm is due to my speedometer sensor having intermittent issue so numbers are inaccurate to record down.
Current mileage is realistically around 55k-60k as i also have other bikes i use.

Engine oil change is approximately before every 2000km.

Comes with Givi box and rack which will be given to new owner.

Refer to last image - small paint peel damage when i was trying to squeeze my way out between metal bollards at my workplace

RFS - got other bikes to take care of",Too many modifications,SUZUKI|DRZ400SM|2A|CC201-400|COE0-2|AGE15+|M40-80K|COND2
https://www.carousell.sg/p/suzuki-burgman200i-abs-coe-nov-2027-renewable-1454152451/?t-id=718Kst8Zlf_1788366833321&t-referrer_browse_type=categories&t-referrer_category_id=7100&t-referrer_context_ccid=7100&t-referrer_page_type=category_browse&t-referrer_request_id=-LCDgQatMMsnBaop&t-referrer_sort_by=popular&t-tap_index=1,21,Available,Suzuki,Burgman 200 ABS,200,2B,2200,NA,1/11/2017,1/11/2027,3231,8.85,421,1.15,NA,NA,"Geylang, Dakota, Paya Lebar Central, Eunos, Ubi, Aljunied, Kaki Bukit",NA,#VALUE!,Not Specified,1,NA,NA,3,NA,4,4,2,"?? What’sApp For Enquiry 
+65-83819060 (24/7) 

Suzuki Burgman 200i
COE Expire Nov 2027  Renewable 
Only Full Cash Available 
Price Fixed Non Negotiable

Welcome Contact Us 
Tel +65-63459060 
Our Location @ 
No25 Kaki Bukit Road 4
#01-23/24/25/ 26 SYNERGY @KB
S’PORE 417800
Business Hours 
Monday-Friday 10am - 6:30pm
Saturday 10am - 5pm
Sunday & PH Close",No mileage,SUZUKI|BURGMAN200ABS|2B|CC0-200|COE0-2|AGE6-10|M-NA|COND3
https://www.carousell.sg/p/suzuki-intruder-boulevard-m109r-1454811716/?t-id=718Kst8Zlf_1788366833321&t-referrer_browse_type=categories&t-referrer_category_id=7100&t-referrer_context_ccid=7100&t-referrer_page_type=category_browse&t-referrer_request_id=GhdMd1bFYt7u2XgA&t-referrer_sort_by=popular&t-tap_index=6,21,Available,Suzuki,Boulevard M109R,1783,2,11800,40000,1/2/2010,31/8/2029,6061,16.59,1090,2.98,1/12/2026,NA,"Tanglin, Bukit Timah, Holland",NA,#VALUE!,Cash,4,NA,NA,4,NA,4,4,3,"Torquey 1.8l V-Twin beast, Linear power delivery and smooth pulls from dead stop. Hold on tight!

Don’t look down on stock pipe that provides satisfying rumbles, they will hear you before they see you.

One of the biggest cruisers, yet with low CG and handles very well, relaxed riding but wakes at a moments notice, it’s a power cruiser after all.

Registered Feb 2010
COE 31 Aug 2029
Mileage 40,000
Road tax Dec 26

No mechanical issues, bodywork good, some spares like original rear light, pillion backrest, grips, etc 

Full cash only, feel free to arrange for viewing and discussion.

Note: RPM LCD spoilt ",,SUZUKI|BOULEVARDM109R|2|CC1200+|COE2-5|AGE15+|M40-80K|COND4
https://www.carousell.sg/p/suzuki-v-strom-800de-adventure-sell-trade-1457327605/?t-id=718Kst8Zlf_1788366833321&t-referrer_browse_type=categories&t-referrer_category_id=7100&t-referrer_context_ccid=7100&t-referrer_page_type=category_browse&t-referrer_request_id=NVKJeC920EZS3PiO&t-referrer_sort_by=popular&t-tap_index=14,7,Available,Suzuki,V-Strom 800DE,776,2,22000,7000,1/8/2024,1/8/2034,766,2.10,2886,7.90,NA,NA,"Punggol, Sengkang, Hougang, Kovan, Serangoon, Lorong Ah Soo",NA,#VALUE!,Not Specified,3,NA,NA,3,NA,4,4,3,"- Metallic green-yellow Aug' 2024 registered
- Slim 270 degrees parallel twin engine. torquey but smooth!
- Equipped with Adventure Top Box and Side Panniers
- Includes crash bars, fog light,  headlight grille and engine casing guards for Protection
- OEM low seat, heat deflectors, scottoiler, quickshifter
- TFT Display with Android Navigation and Connectivity
- with adjustable traction control, abs and riding modes
- Mileage 7000KM Only! Just complete servicing.
- full tank 500km+, easily 200km/hr. Petrol consumption 22km/L
- Ready for your next adventure!

For sale or trade in with KTM 890 SMT, Honda ADV 750 V3",,SUZUKI|V-STROM800DE|2|CC651-900|COE5-8|AGE0-3|M0-20K|COND4
https://www.carousell.sg/p/drz-sm-suzuki-sk-chassis-1415631014/?t-id=718Kst8Zlf_1788366833321&t-referrer_browse_type=categories&t-referrer_category_id=7100&t-referrer_context_ccid=7100&t-referrer_page_type=category_browse&t-referrer_request_id=YjKCh4tEo8v3t-we&t-referrer_sort_by=popular&t-tap_index=17,21,Available,Suzuki,DRZ400SM,398,2A,8000,112148,1/2/2018,1/2/2028,3139,8.59,513,1.40,NA,NA,Chinatown,9000,11.11%,Not Specified,3,NA,NA,3,3,3,3,3,"SK chassis not JS.
full system legal yoshimura Titanium
new trial tech meter.one year warranty. 

Coe 2028 Feb 

looking to sincere buyer to appreciate the bike. 

meter to be replaced. price can be discuss. 

just done inspection and rd tax. 

owner frequent travel due to work. very little riding time.",,SUZUKI|DRZ400SM|2A|CC201-400|COE0-2|AGE6-10|M80-120K|COND3
https://www.carousell.sg/p/suzuki-gsr400-k7-1454594156/?t-id=718Kst8Zlf_1788366833321&t-referrer_browse_type=categories&t-referrer_category_id=7100&t-referrer_context_ccid=7100&t-referrer_page_type=category_browse&t-referrer_request_id=dOHfFCchQCsDsp8Q&t-referrer_sort_by=popular&t-tap_index=20,21,Available,Suzuki,GSR400,398,2A,6500,NA,1/12/2017,1/12/2027,3201,8.76,451,1.23,NA,NA,"Tampines, Pasir Ris",7500,13.33%,Not Specified,5,NA,Significant,4,3,4,4,4,"A very rare bike to be seen in SG. Owned this bike for 1.5 years and did not give any issues other than wear & tears which have been done up. Used as a daily ride by myself and prev owner. 

Bike is fitted with:
- Windshield
- Engine guards
- Frame sliders
- ProTaper handlebar
- Legal Yoshimura aftermarket exhaust & very loud (repacked)
- Forged and Twilled carbon parts

Things done:
- 4x spark plug (Jul 2026)
- Chain & sprockets (Jul 2026)
- Brake pads (Jul 2026)
- Coolant flush (Jul 2026)
- Battery (Dec 2025)
- Starter motor (Dec 2025)
- Magnetic coil (Sep 2025)
- Rectifier (Sep 2025)
- Seat re-wrap anti-slip (Apr 2025)
- Valve clearance (prev owner 2024)

Passed inspection in Feb 2026. 

Servicing and maintenance done on time. 

COE end 2027

Stock exhaust and some accessories will be included as well. 

RFS: Upgrading to C2
Open to trades",,SUZUKI|GSR400|2A|CC201-400|COE0-2|AGE6-10|M-NA|COND4
https://www.carousell.sg/p/gsx-r-750-k9-1433273702/?t-id=718Kst8Zlf_1788366833321&t-referrer_browse_type=categories&t-referrer_category_id=7100&t-referrer_context_ccid=7100&t-referrer_page_type=category_browse&t-referrer_request_id=dHgM5T7KSTtDN4ef&t-referrer_sort_by=popular&t-tap_index=15,14,Available,Suzuki,GSX-R750,750,2,11000,NA,1/6/2020,1/6/2030,2288,6.26,1364,3.73,NA,NA,"Tampines, Pasir Ris",12000,8.33%,Not Specified,4,NA,Significant,4,NA,4,4,3,"Suzuki GSX-R 750 K8 for sale. Comes with yoshi legal endcan. Serious buyers only. COE till june 2030

things done under my care (Dec2025)
•brand new stock suspension
• ?rear disc brake 
• ?air filter with clean air box 
• ?front brake bleeding SRF 
• ?rear brake bleeding 
• ?ignition coil x4
• ?timing plug cap with o ring
• ?service fork
• ?thermostat with oring
• ?coolant flush engine ice
• ?throttle body service with hoses and synced
• ?injector primary & secondary test and clean",,SUZUKI|GSX-R750|2|CC651-900|COE2-5|AGE6-10|M-NA|COND4
https://www.carousell.sg/p/suzuki-katana-motorcycle-odo-53068km-1443465566/?t-id=718Kst8Zlf_1788366833321&t-referrer_browse_type=search_results&t-referrer_page_type=search&t-referrer_request_id=Ro76y6D18uoiM2wh&t-referrer_search_query=suzuki%20katana&t-referrer_search_query_source=direct_search&t-referrer_sort_by=popular&t-tap_index=0,21,Available,Suzuki,Katana,999,2,27500,53068,22/9/2020,22/9/2030,2175,5.95,1477,4.04,NA,1,"Yishun, Sembawang",NA,#VALUE!,Not Specified,2,NA,NA,NA,NA,NA,NA,1,"- Suzuki motorcycle for sale
- Odometer: 53068km
- Digital display: Gear, speed, and more
-SC project for pipe
- Lights and indicators: Fully functional
- Ready for a new owner
- Viewing available
-COE 22 September 2030
- original mirror and pipe all will throw in.
- 1 owner only.AE10",,SUZUKI|KATANA|2|CC901-1200|COE2-5|AGE3-6|M40-80K|COND2
https://www.carousell.sg/p/suzuki-burgman-200-coe-31-jul-2031-non-renewable-1455378441/ ,3,Available,Suzuki,Burgman 200 ABS,200,2B,9000,58000,31/7/2021,31/7/2031,1863,5.10,1789,4.90,2/2/2027,NA,"Geylang, Dakota, Paya Lebar Central, Eunos, Ubi, Aljunied, Kaki Bukit",NA,#VALUE!,Installments,1,NA,NA,2,NA,4,4,2,"Dealer listing. COE 31 Jul 2031; road tax 2 Feb 2027; mileage 58,xxx km. Rear rack and large under-seat storage stated. Hire-purchase and full-payment options available.",Mileage stated only approximately,SUZUKI|BURGMAN200ABS|2B|CC0-200|COE2-5|AGE3-6|M40-80K|COND3
https://www.carousell.sg/p/suzuki-burgman-200cc-abs-coe-may-2029-1458645645/,3,Available,Suzuki,Burgman 200 ABS,200,2B,6700,54400,1/5/2019,1/5/2029,2685,7.35,968,2.65,NA,NA,"Punggol, Sengkang, Hougang, Kovan, Serangoon, Lorong Ah Soo",NA,#VALUE!,Not Specified,NA,NA,NA,NA,NA,NA,NA,3,"Seller states registration May 2019, mileage 54,400 km and COE May 2029. Exact registration and COE days were not provided.",Exact registration/COE day not provided,SUZUKI|BURGMAN200ABS|2B|CC0-200|COE2-5|AGE6-10|M40-80K|COND-NA
https://www.carousell.sg/p/suzuki-gsxr150-oct-2033-1451755542/,7,Available,Suzuki,GSX-R150,147,2B,13300,38392,1/10/2023,1/10/2033,1071,2.93,2582,7.07,NA,1,"Hillview, Bukit Panjang, Bukit Batok, Choa Chu Kang",NA,#VALUE!,Installments,NA,NA,NA,NA,NA,NA,NA,3,"Dealer listing states COE Oct 2033, one owner and low mileage, but no numeric mileage or exact COE date. Financing available.",Numeric mileage not provided,SUZUKI|GSX-R150|2B|CC0-200|COE5-8|AGE0-3|M20-40K|COND-NA
https://www.carousell.sg/p/class-2b-suzuki-vanvan-200-rv200-1451641138/,7,Available,Suzuki,Van Van 125,199,2B,3000,50000,NA,NA,#VALUE!,#VALUE!,#VALUE!,#VALUE!,NA,NA,"Woodlands, Admiralty",NA,#VALUE!,Not Specified,NA,NA,NA,NA,NA,NA,NA,3,"Seller states 50,000 km and that the COE can be renewed for 10 years. Current exact COE expiry not stated.",Current COE expiry date not provided,#VALUE!
https://www.carousell.sg/p/rare-suzuki-burgman-200-for-sale-1457627806/,5,Sold,Suzuki,Burgman 200 ABS,200,2B,4800,NA,NA,NA,#VALUE!,#VALUE!,#VALUE!,#VALUE!,NA,NA,NA,NA,#VALUE!,Not Specified,NA,NA,NA,NA,NA,NA,NA,2,Seller states COE until end-Aug 2030 and describes the bike as an economical 200cc Burgman. Mileage and exact COE date are not stated.,Mileage not provided; exact COE day not provided,#VALUE!
https://www.carousell.sg/p/suzuki-burgman-200-white-dec-2030-1406351927/,7,Available,Suzuki,Burgman 200 ABS,200,2B,8100,82000,1/12/2015,31/12/2030,3932,10.77,1577,4.32,NA,NA,"Bedok, Upper East Coast, Bayshore, Tanah Merah, Upper Changi",NA,#VALUE!,Not Specified,4,NA,NA,NA,NA,NA,NA,4,"Seller states registration Dec 2015, COE end-Dec 2030 and mileage 82,000 km. New pulley components stated; belt and oil changed every 8,000 km; engine described as well maintained.",Exact registration/COE day not provided,SUZUKI|BURGMAN200ABS|2B|CC0-200|COE2-5|AGE10-15|M80-120K|COND4
https://www.carousell.sg/p/suzuki-burgman-anh200-scooter-1457450585/,7,Available,Suzuki,Burgman 200 ABS,200,2B,6000,NA,1/4/2020,1/4/2030,2349,6.43,1303,3.57,NA,NA,"Jurong East, Jurong West, Boon Lay",NA,#VALUE!,Not Specified,NA,NA,NA,NA,NA,NA,NA,2,Seller states COE ending Apr 2030 and that a top box is included. Mileage and exact COE date are not provided.,Mileage not provided; exact COE day not provided,SUZUKI|BURGMAN200ABS|2B|CC0-200|COE2-5|AGE6-10|M-NA|COND-NA
https://www.carousell.sg/p/suzuki-burgman-1361212486/,7,Available,Suzuki,Burgman 200 ABS,200,2B,2500,122000,1/12/2016,1/12/2026,3566,9.76,86,0.24,NA,NA,NA,3700,32.43%,Not Specified,NA,NA,NA,NA,NA,NA,NA,3,"Seller states mileage 122,xxx km and COE until Dec 2026, renewable. Listing price was reduced from S$3,700 to S$2,500.",High mileage; less than 1 year COE stated; exact COE day not provided,SUZUKI|BURGMAN200ABS|2B|CC0-200|COE0-2|AGE6-10|M120K+|COND-NA
https://www.carousell.sg/p/suzuki-gsxr150-1344431794/,7,Available,Suzuki,GSX-R150,147,2B,11500,NA,NA,1/6/2029,#VALUE!,#VALUE!,999,2.74,NA,1,"Hillview, Bukit Panjang, Bukit Batok, Choa Chu Kang",NA,#VALUE!,Installments,NA,NA,Significant,NA,NA,NA,NA,4,"First-owner, fully paid GSX-R150. Seller states COE Jun 2029. Aftermarket Brembo master pump, brake hoses, rear shock, camera, windshield and footrest; loan available.",Numeric mileage not provided; exact COE day not provided,#VALUE!
https://www.carousell.sg/p/2023-suzuki-gsx-r150-abs-coe-2033-sporty-blue-fuel-efficient-easy-loan-1451584398/,7,Available,Suzuki,GSX-R150,147,2B,13288,1042,23/10/2023,23/10/2033,1049,2.87,2604,7.13,NA,NA,"Hillview, Bukit Panjang, Bukit Batok, Choa Chu Kang",NA,#VALUE!,Installments,NA,NA,NA,NA,NA,NA,NA,4,"Dealer listing: registration 23 Oct 2023 and COE expiry 22 Oct 2033. Financing, warranty and trade-in offered. Numeric mileage not stated.",Numeric mileage not provided,SUZUKI|GSX-R150|2B|CC0-200|COE5-8|AGE0-3|M0-20K|COND-NA
https://www.carousell.sg/p/suzuki-burgman-400-1394703248/,7,Available,Suzuki,Burgman 400,399,2A,9500,NA,1/9/2021,1/9/2031,1831,5.01,1821,4.99,NA,NA,"Jurong East, Jurong West, Boon Lay",NA,#VALUE!,Not Specified,5,NA,Significant,5,NA,NA,NA,4,"Seller states about five years of non-renewable COE remain. New front/rear tyres, starter motor, engine gasket and CVT stated; TPMS and CarPlay GPS fitted.",Mileage not provided; exact COE expiry not provided,SUZUKI|BURGMAN400|2A|CC201-400|COE2-5|AGE3-6|M-NA|COND5
https://www.carousell.sg/p/suzuki-burgman-400-1439008114/,3,Available,Suzuki,Burgman 400,399,2A,5000,82000,NA,1/7/2028,#VALUE!,#VALUE!,664,1.82,NA,NA,NA,NA,#VALUE!,Not Specified,4,NA,NA,NA,NA,NA,NA,3,"Seller states COE Jul 2028, mileage 82,xxx km and that major servicing was recently completed. Bike described as in good condition.",Exact COE day not provided,#VALUE!
https://www.carousell.sg/p/suzuki-gsxr-400-k-1354640366/,4,Available,Suzuki,GSX-R400,398,2A,20000,NA,NA,1/12/2029,#VALUE!,#VALUE!,1182,3.24,NA,1,NA,NA,#VALUE!,Not Specified,NA,NA,NA,NA,NA,NA,NA,3,"Seller states COE until Dec 2029, low mileage and one owner. Numeric mileage and exact COE date not provided.",Numeric mileage not provided; exact COE day not provided,#VALUE!
https://www.carousell.sg/p/burgman-400-for-sale-1444584873/,4,Available,Suzuki,Burgman 400,399,2A,4200,92000,1/12/2017,1/12/2027,3201,8.76,451,1.23,1/12/2026,NA,NA,NA,#VALUE!,Not Specified,NA,NA,NA,NA,NA,NA,NA,4,"Seller states 2017 Suzuki Burgman 400, COE Dec 2027, road tax Dec 2026 and mileage 92,xxx km. Used for daily commuting and fully paid.","Exact registration, COE and road-tax day not provided",SUZUKI|BURGMAN400|2A|CC201-400|COE0-2|AGE6-10|M80-120K|COND-NA
https://www.carousell.sg/p/suzuki-gsr-400-1455448351/,5,Available,Suzuki,GSR400,398,2A,1800,138000,NA,NA,#VALUE!,#VALUE!,#VALUE!,#VALUE!,NA,NA,NA,NA,#VALUE!,Not Specified,5,NA,NA,5,NA,NA,2,5,"COE ends 31 Oct 2026. Seller states 138,000 km. Detailed Jan/Mar 2026 maintenance includes engine oil/filter, rectifier, battery, fork oil/seals, Bridgestone T32 tyres, rear brake pad and caliper. Paint lacquer peeling and seat cover needs replacement.",High mileage; very short COE remaining; cosmetic deterioration,#VALUE!
https://www.carousell.sg/p/suzuki-drz-400-1427282898/,6,Available,Suzuki,DRZ400SM,398,2A,4000,NA,1/1/2020,1/1/2030,2440,6.68,1213,3.32,NA,NA,"Kranji, Lim Chu Kang, Sungei Gedong, Tengah",8500,52.94%,Cash,5,NA,Significant,NA,NA,NA,NA,4,"Seller states COE to 2030 (non-renewable), recent top overhaul with receipt, custom graphics and cash/COI payment options. S$8,500 full-cash settlement versus S$4,000 upfront COI option stated.",Mileage not provided; exact COE day not provided; asking-price structure depends on payment method,SUZUKI|DRZ400SM|2A|CC201-400|COE2-5|AGE6-10|M-NA|COND5
https://www.carousell.sg/p/2007-suzuki-gsr-400-1455764177/,6,Available,Suzuki,GSR400,398,2A,5000,NA,NA,30/11/2027,#VALUE!,#VALUE!,450,1.23,9/11/2026,NA,NA,NA,#VALUE!,Not Specified,NA,NA,NA,NA,NA,NA,4,4,"Seller states COE 30 Nov 2027, road tax 9 Nov 2026, exterior 8/10 and engine 8/10. Registration/model year described as 2007.",Registration date not precisely provided,#VALUE!
https://www.carousell.sg/p/drz-400-sm-sk-chassis-1427432254/,5,Available,Suzuki,DRZ400SM,398,2A,9000,NA,NA,21/1/2029,#VALUE!,#VALUE!,868,2.38,NA,NA,NA,NA,#VALUE!,Not Specified,NA,NA,Significant,NA,NA,NA,NA,3,COE expiry 21 Jan 2029. SK chassis with legal full-system Yoshimura exhaust. Seller states bike is under lay-up and has no meter.,No meter; mileage unavailable,#VALUE!
https://www.carousell.sg/p/burgman-400-2028-1434047462/,29,Available,Suzuki,Burgman 400,399,2A,8500,93000,NA,NA,#VALUE!,#VALUE!,#VALUE!,#VALUE!,NA,NA,NA,NA,#VALUE!,Not Specified,3,NA,NA,NA,NA,NA,NA,4,"Seller states registration Mar 2018, mileage 93,000 km (Apr 2026), COE Mar 2028 and regular servicing. Used for daily work commute.",Exact registration/COE day not provided,#VALUE!
https://www.carousell.sg/p/drz-400-enduro-setup-1318756006/,20,Available,Suzuki,DRZ400SM,398,2A,9000,NA,NA,31/12/2027,#VALUE!,#VALUE!,481,1.32,NA,NA,"Kranji, Lim Chu Kang, Sungei Gedong, Tengah",NA,#VALUE!,Not Specified,5,NA,Significant,5,5,NA,NA,5,"Seller states COE Dec 2027, new tyre, sprocket changed in July and overhaul done Apr 2024. Numerous enduro/supermoto accessories and legal Delta full-system exhaust fitted.",Mileage not provided; exact COE day not provided; significant modifications,#VALUE!
https://www.carousell.sg/p/suzuki-gsr-400-coe-2035-1447180180/,20,Available,Suzuki,GSR400,398,2A,8000,NA,20/8/2021,31/1/2035,1843,5.05,3069,8.40,NA,NA,NA,15000,46.67%,Installments,3,NA,Significant,NA,NA,NA,NA,4,"Listing displays S$8,000 while description says seller is looking around S$15,000. COE to 31 Jan 2035. Existing S$415/month installment until Feb 2028; Yoshimura pipes fitted; seller describes bike as well maintained.",Ambiguous asking price between displayed price and description; mileage not provided,SUZUKI|GSR400|2A|CC201-400|COE8-10|AGE3-6|M-NA|COND3
https://www.carousell.sg/p/suzuki-gsr-400-1453064810/,21,Available,Suzuki,GSR400,398,2A,10500,NA,NA,31/7/2034,#VALUE!,#VALUE!,2885,7.90,NA,NA,NA,NA,#VALUE!,Not Specified,NA,NA,NA,NA,NA,NA,NA,3,"Seller states GSR400 is all original, fully paid and COE valid until Jul 2034. Numeric mileage and exact COE day are not stated.",Mileage not provided; exact COE day not provided,#VALUE!
https://www.carousell.sg/p/suzuki-drz-400-2028-1443644407/,10,Available,Suzuki,DRZ400SM,398,2A,5999,NA,NA,31/1/2028,#VALUE!,#VALUE!,512,1.40,NA,NA,NA,NA,#VALUE!,Installments,3,NA,Significant,NA,NA,NA,NA,3,"Dealer listing states COE 31 Jan 2028, Yoshimura full-system exhaust, healthy engine and well-maintained condition. Loan can be arranged.",Mileage not provided,#VALUE!
https://www.carousell.sg/p/suzuki-drz-400-coe-02-29-1432188322/,25,Available,Suzuki,DRZ400SM,398,2A,6388,NA,1/1/2009,28/2/2029,6457,17.68,906,2.48,NA,NA,NA,NA,#VALUE!,Installments,NA,NA,Significant,NA,NA,NA,4,4,"Dealer states registered in 2009, COE until 28 Feb 2029, engine condition 9/10 and exterior 8/10 with minor weather damage. Legal aftermarket exhaust with certificate.",Registration day not provided; mileage not provided,SUZUKI|DRZ400SM|2A|CC201-400|COE2-5|AGE15+|M-NA|COND4
https://www.carousell.sg/p/drz-400-suzuki-1241939056/,14,Available,Suzuki,DRZ400SM,398,2A,16000,NA,1/1/2014,1/9/2034,4631,12.68,2917,7.99,NA,2,NA,NA,#VALUE!,Not Specified,5,NA,NA,NA,NA,NA,NA,5,"Seller states registered in 2014, COE Sep 2034 and two owners. New magnetic coil, rectifier and battery; oil changed every 1,000 km; top overhaul, tensioner replacement and coolant change stated.",Mileage not provided; exact registration/COE day not provided,SUZUKI|DRZ400SM|2A|CC201-400|COE5-8|AGE10-15|M-NA|COND5
https://www.carousell.sg/p/urgent-sale-gsr400-m-fully-paid-coe-2029-1404517385/,8,Available,Suzuki,GSR400,398,2A,7200,NA,NA,1/12/2029,#VALUE!,#VALUE!,1182,3.24,NA,2,NA,NA,#VALUE!,Not Specified,4,NA,NA,NA,NA,NA,4,4,"Seller states fully paid, COE until 2029, well maintained, repairs done by Bikeworkz, performance 9/10 and exterior 8/10.",Mileage and exact COE date not provided,#VALUE!
https://www.carousell.sg/p/drz400-sm-1456481467/,2,Available,Suzuki,DRZ400SM,398,2A,10000,NA,1/1/2011,1/9/2031,5727,15.68,1821,4.99,NA,NA,"Punggol, Sengkang, Hougang, Kovan, Serangoon, Lorong Ah Soo",NA,#VALUE!,Not Specified,NA,NA,Significant,NA,NA,NA,NA,4,"Seller states registration 2011, renewed COE and fully paid. Yoshimura titanium exhaust, Ohlins, Brembo brakes, Safari tank and other accessories fitted. Road tax renewed for one year on 1 Sep.",Mileage and exact COE expiry not provided,SUZUKI|DRZ400SM|2A|CC201-400|COE2-5|AGE15+|M-NA|COND-NA
https://www.carousell.sg/p/drz-400-sm-1390523768/,22,Available,Suzuki,DRZ400SM,398,2A,7000,NA,NA,NA,#VALUE!,#VALUE!,#VALUE!,#VALUE!,NA,NA,NA,NA,#VALUE!,Not Specified,5,NA,Significant,NA,NA,NA,NA,4,"Seller states COE Aug 2029. Recent magnetic-coil replacement, top overhaul and Delta exhaust repack completed Jan 2026. Exhaust is explicitly stated as not legal; stock exhaust included.",Mileage not provided; non-legal exhaust; exact COE day not provided,#VALUE!
https://www.carousell.sg/p/rare-suzuki-boulevard-400-motorcycle-1447827140/,17,Available,Suzuki,Boulevard 400,399,2A,7000,NA,1/1/2007,1/5/2028,7188,19.68,603,1.65,29/11/2026,NA,NA,NA,#VALUE!,Not Specified,NA,NA,NA,NA,NA,NA,3,3,"Seller states manufacture year 2007, road tax to 29 Nov 2026 and COE to May 2028. Seller notes age shows at certain points but bike still runs well.",Older bike; exact COE day and registration date not provided,SUZUKI|BOULEVARD400|2A|CC201-400|COE0-2|AGE15+|M-NA|COND3
https://www.carousell.sg/p/gsr400-1439877591/,28,Available,Suzuki,GSR400,398,2A,5000,NA,NA,30/8/2027,#VALUE!,#VALUE!,358,0.98,31/8/2026,NA,NA,NA,#VALUE!,Not Specified,4,NA,Significant,NA,NA,NA,NA,4,"Seller states COE to 30 Aug 2027, road tax to 31 Aug 2026, Yoshimura exhaust with LTA certificate and all wear-and-tear items replaced.",Road-tax date stated as already expired at collection date; mileage not provided,#VALUE!
https://www.carousell.sg/p/suzuki-gsx-r1000-k9-1345504091/,6,Available,Suzuki,GSX-R1000,999,2,12500,NA,NA,NA,#VALUE!,#VALUE!,#VALUE!,#VALUE!,NA,NA,"Tampines, Pasir Ris",NA,#VALUE!,Not Specified,NA,NA,NA,NA,NA,NA,NA,2,"Private listing for Suzuki GSX-R1000 K9. Seller states price is negotiable but provides no mileage, COE, registration or maintenance details.",Sparse listing information,#VALUE!
https://www.carousell.sg/p/suzuki-gsr-750-1434701847/,3,Available,Suzuki,GSR750,749,2,9000,88000,NA,1/7/2031,#VALUE!,#VALUE!,1759,4.82,NA,NA,NA,NA,#VALUE!,Not Specified,NA,NA,NA,NA,NA,NA,5,3,"Seller states COE until Jul 2031, mileage 88,000 km and condition 'tiptop'. Exact COE day not provided.",Exact COE day not provided,#VALUE!
https://www.carousell.sg/p/price-drop-suzuki-gsx-s1000-new-10y-coe-till-2035-upgraded-brembo-bitubo-michelin-r6-urgent-sale-1428103885/,1,Sold,Suzuki,GSX-S1000,999,2,14750,96000,NA,NA,#VALUE!,#VALUE!,#VALUE!,#VALUE!,NA,NA,NA,NA,#VALUE!,Not Specified,4,NA,Significant,4,NA,NA,NA,4,"Seller states mileage 96,000 km, newly renewed 10-year COE until Oct 2035 and all wear-and-tear items replaced. Brembo/Bitubo upgrades and Michelin Road 6 tyres are advertised.",Exact COE day not provided,#VALUE!
https://www.carousell.sg/p/suzuki-gsxr-600-k7-1432593207/,3,Available,Suzuki,GSX-R600,599,2,5900,NA,NA,NA,#VALUE!,#VALUE!,#VALUE!,#VALUE!,NA,NA,NA,NA,#VALUE!,Not Specified,5,NA,Significant,NA,NA,NA,NA,5,"Seller states COE Apr 2027 and all servicing at Bikeworkz. Detailed work includes gaskets, water pump, valve clearance, clutch plate, brake pads, spark plugs and coolant; serviced every 3,000 km. Leo Vince exhaust fitted.",Mileage not provided; exact COE day not provided,#VALUE!
https://www.carousell.sg/p/suzuki-gsr-750-1334139093/,4,Available,Suzuki,GSR750,749,2,12000,160000,1/1/2015,25/3/2035,4266,11.68,3122,8.55,25/3/2027,NA,NA,NA,#VALUE!,Not Specified,5,NA,Significant,4,NA,NA,NA,5,"Fresh 10-year COE to 25 Mar 2035; road tax to 25 Mar 2027; mileage 160,000+ km. Seller lists regular oil/filter changes, Bridgestone T33 tyres, clutch plates, battery, magnetic coil, rectifier, radiator fan and coolant work.",High mileage,SUZUKI|GSR750|2|CC651-900|COE8-10|AGE10-15|M120K+|COND4
https://www.carousell.sg/p/suzuki-gsxr-750-1416853406/,9,Available,Suzuki,GSX-R750,750,2,12000,178315,NA,1/7/2030,#VALUE!,#VALUE!,1394,3.82,NA,NA,NA,16000,25.00%,Cash,5,NA,NA,NA,NA,NA,NA,4,"Seller describes 2008 GSXR750 K9 with COE 2030. Price reduced from S$16,000. Overhaul completed Feb 2025, monthly servicing stated and battery changed Sep 2025. Full cash only.",Mileage and exact COE date not provided,#VALUE!
https://www.carousell.sg/p/gsxr-750-k9-1423419160/,4,Available,Suzuki,GSX-R750,750,2,9500,NA,NA,28/2/2029,#VALUE!,#VALUE!,906,2.48,NA,NA,NA,NA,#VALUE!,Not Specified,NA,NA,Significant,NA,NA,NA,NA,3,"Seller states COE end-Feb 2029. Accosato lever, Brembo brakes, quickshifter and Akrapovic exhaust fitted; spare OEM fairings and exhaust included.",Mileage not provided; exact COE day not provided,#VALUE!
https://www.carousell.sg/p/gsxr-1000-k6-1229639043/,4,Sold,Suzuki,GSX-R1000,999,2,14500,130000,NA,NA,#VALUE!,#VALUE!,#VALUE!,#VALUE!,NA,NA,"Yishun, Sembawang",NA,#VALUE!,Not Specified,5,NA,NA,4,4,NA,NA,5,"Seller states COE Feb 2035 and mileage 130,000 km. Detailed wear-and-tear history includes tyres, chain/sprocket, brake pads, valve clearance, coolant flush, rectifier and servicing. Road-tax date in description is invalid ('31 Feb 2025'), so road tax is left NA.",High mileage; seller-provided road-tax date is invalid; exact COE day not provided,#VALUE!
https://www.carousell.sg/p/suzuki-gsxr-k9-1000-1417304061/,4,Available,Suzuki,GSX-R1000,999,2,20999,NA,NA,15/6/2029,#VALUE!,#VALUE!,1013,2.77,NA,NA,NA,NA,#VALUE!,Not Specified,NA,NA,Significant,NA,NA,NA,NA,3,"Seller describes GSXR K9 1000 as great condition with low mileage and multiple upgrades including twin Yoshimura exhaust and Brembo components. Numeric mileage, registration and COE details are not provided.",Numeric mileage and COE details not provided,#VALUE!
https://www.carousell.sg/p/suzuki-gsx-r1000-l5-1433303208/,7,Sold,Suzuki,GSX-R1000,999,2,23888,NA,NA,31/10/2035,#VALUE!,#VALUE!,3342,9.15,NA,NA,NA,NA,#VALUE!,Not Specified,NA,NA,NA,NA,NA,NA,NA,4,"Seller states registration 9 Nov 2015, COE to 31 Oct 2035 and low mileage, but does not provide a numeric odometer reading.",Numeric mileage not provided,#VALUE!
https://www.carousell.sg/p/pre-owned-suzuki-v-strom-1000-used-unit-vstrom-1000-suzuki-vstrom-touring-bike-class-2-adventure-1000-cc-1398731236/,5,Sold,Suzuki,V-Strom 1000,1037,2,13777,NA,NA,9/2/2035,#VALUE!,#VALUE!,3078,8.43,NA,NA,"Yishun, Sembawang",NA,#VALUE!,Not Specified,NA,NA,NA,NA,NA,NA,NA,4,Dealer listing states registration 10 Feb 2015 for a Suzuki V-Strom 1000 and COE to 9 Feb 2035. No numeric mileage is used here because it was not clearly visible on the captured Carousell listing text.,Mileage not provided,#VALUE!
https://www.carousell.sg/p/gsxr-750-1427055572/,14,Available,Suzuki,GSX-R750,750,2,13099,NA,NA,18/1/2029,#VALUE!,#VALUE!,865,2.37,NA,1,NA,NA,#VALUE!,Not Specified,NA,NA,Significant,NA,NA,NA,NA,4,"Seller states COE Jan 2029, first owner, and lists Accosato controls, braided hose, Arrow exhaust with certificate, Power Commander 5 and other accessories.",Mileage not provided; exact COE day not provided,#VALUE!
https://www.carousell.sg/p/suzuki-hayabusa-gen-2-abs-2015-1411099256/,9,Sold,Suzuki,Hayabusa,1340,2,25000,100000,NA,24/4/2035,#VALUE!,#VALUE!,3152,8.63,NA,NA,NA,NA,#VALUE!,Not Specified,5,NA,Significant,NA,NA,NA,NA,5,"Seller states COE 24 Apr 2035, mileage 100,000 km, condition 9.5/10 and service/wear-and-tear receipts available. Akrapovic exhaust, Brembo brake and carbon parts fitted.",High mileage,#VALUE!
https://www.carousell.sg/p/suzuki-sv650x-1332453974/,13,Available,Suzuki,SV650,645,2,15000,10000,1/9/2018,1/9/2028,2927,8.01,726,1.99,1/9/2026,NA,NA,NA,#VALUE!,Not Specified,4,NA,Significant,4,NA,NA,NA,4,"Seller states Sep 2018 registration, 10,000 km, regular Suzuki-agent servicing, recent battery, Bridgestone Battlax T31 tyres and legal Termignoni exhaust. Road-tax text says Sep 2025 and appears outdated.",Road-tax information appears outdated; exact registration/COE dates not provided,SUZUKI|SV650|2|CC401-650|COE0-2|AGE6-10|M0-20K|COND4
https://www.carousell.sg/p/gsxr-1000-l1-1327040340/,14,Sold,Suzuki,GSX-R1000,999,2,29000,NA,NA,NA,#VALUE!,#VALUE!,#VALUE!,#VALUE!,NA,NA,NA,NA,#VALUE!,Not Specified,5,NA,Significant,4,NA,NA,NA,4,"2011 model. Seller states valve clearance completed mid-year and wear-and-tear items replaced promptly. Extensive upgrades include Marchesini rims, Brembo brakes, quickshifter, Ohlins components and S22 tyres.",Mileage and COE details not provided; significant modifications,#VALUE!
https://www.carousell.sg/p/suzuki-b-king-1410168980/,10,Available,Suzuki,B-King,1340,2,6500,150000,NA,1/9/2029,#VALUE!,#VALUE!,1091,2.99,NA,NA,NA,NA,#VALUE!,Installments,4,NA,NA,NA,NA,NA,NA,4,"Seller states COE Sep 2029, mileage 150,000 km and 1,340cc engine. Regular servicing and no major issues stated. Price S$6,500 plus COI for 11 months at S$238.",High mileage; exact COE day not provided,#VALUE!
https://www.carousell.sg/p/class-2-cheap-and-good-suzuki-gsxr-750-1300265705/,13,Available,Suzuki,GSX-R750,750,2,29888,80000,1/4/2016,1/3/2036,3810,10.43,3464,9.48,NA,NA,NA,NA,#VALUE!,Not Specified,5,NA,NA,NA,NA,NA,5,5,"Seller states registration Apr 2016, COE Mar 2036, mileage 80,000 km, no accidents, no track use and all new parts changed with receipts.",Exact registration and COE day not provided,SUZUKI|GSX-R750|2|CC651-900|COE8-10|AGE10-15|M80-120K|COND5
https://www.carousell.sg/p/suzuki-sfv650-gladius-1427561815/,11,Sold,Suzuki,Gladius 650,645,2,10300,85000,NA,2/2/2031,#VALUE!,#VALUE!,1610,4.41,NA,NA,NA,NA,#VALUE!,Not Specified,4,NA,NA,5,5,NA,NA,5,"Seller states registration 3 Feb 2016, COE expiry 2 Feb 2031 and mileage 85,000 km. New Bridgestone T32 tyres and new chain/sprockets; regularly serviced at Suzuki agent; described as running and riding perfectly.",NA,#VALUE!
"Honda CB190R / CBF190WH | COE Mar 2027 | S$1,300, Motorcycles, Used Motorcycles, Class 2B on Carousell",1,Available,Honda,CB190R,190,2B,1300,99000,27/3/2017,27/8/2027,3450,9.45,355,0.97,NA,NA,"Geylang, Dakota, Paya Lebar Central, Eunos, Ubi, Aljunied, Kaki Bukit",4501,71.12%,Not Specified,5,NA,NA,3,4,4,4,5,"Honda CB190R|CBF190WH | COE Mar 2027 | S$1,300 Negotiable Selling my Honda CB190R as I no longer need the bike. COE: 2 March 2027 Mileage: ~99,000 km Price: S$1,300, negotiable for sincere buyer Top box included Bike runs and rides well. Recently brought to workshop for evaluation and fresh engine oil. Maintenance / parts replaced: - Starter motor – Jul 2026 - Maxxis ST95 tyre set – Jun 2026 - Rear wheel bearings – May 2026 - Full servicing – Apr 2026 - S22 tyres – Dec 2025 - Cone bearing – Dec 2025 - Exhaust – Sep 2025 - Clutch plate, housing & cable – Aug 2025 - Air filter – Jul 2025 - Rear brake disc & pad – Jul 2025 - Magnetic coil, rectifier & gasket – Jun 2025 - Battery – Jun 2025 - Spark plug – Jun 2025 Known issue: When the engine is cold, it needs a little throttle during startup/warm-up. Once warmed up, bike runs normally. Workshop advised that this may be related to the throttle body, otherwise further engine inspection may be required. Chain need to tighten or change Selling as-is and being transparent about the condition. Welcome to view/test the bike before deciding. Good short-term transport until COE expiry. Negotiable for a smooth deal.",High mileage,HONDA|CB190R|2B|CC0-200|COE0-2|AGE6-10|M80-120K|COND4
https://sgbikemart.com.sg/listing/usedbike/kawasaki-kawasaki-zx-4rr-ninja/42508/ ,2,Available,Kawasaki,ZX-4RR Ninja,399,2A,27777,8447,31/7/2025,30/7/2035,402,1.10,3249,8.90,NA,2,"Woodlands, Admiralty",NA,#VALUE!,Not Specified,1,NA,NA,4,3,4,4,4,Pre Owned Kawasaki ZX-4RR Ninja For Sale. COE Till July 2035.,,KAWASAKI|ZX-4RRNINJA|2A|CC201-400|COE8-10|AGE0-3|M0-20K|COND3
https://sgbikemart.com.sg/listing/usedbike/kawasaki-kawasaki-zx-4rr-ninja/42500/,4,Reserved,Kawasaki,ZX-4RR Ninja,399,2A,24888,13629,14/1/2025,13/1/2035,600,1.64,3051,8.35,NA,1,"Balestier, Whampoa, Toa Payoh, Boon Keng, Bendemeer, Kampong Bugis",NA,#VALUE!,Not Specified,1,NA,NA,4,4,4,4,4,Used Kawasaki ZX-4RR Ninja For Sale! Price Before Insurance Only!,,KAWASAKI|ZX-4RRNINJA|2A|CC201-400|COE8-10|AGE0-3|M0-20K|COND3
https://sgbikemart.com.sg/listing/usedbike/kawasaki-kawasaki-zx-4rr-ninja/42457/,7,Available,Kawasaki,ZX-4RR Ninja,399,2A,24800,NA,8/8/2024,7/8/2034,759,2.08,2892,7.92,NA,NA,"Balestier, Whampoa, Toa Payoh, Boon Keng, Bendemeer, Kampong Bugis",NA,#VALUE!,Not Specified,1,NA,NA,3,2,4,3,3,Reg 2024 Kawasaki ZX-4RR Ninja,,KAWASAKI|ZX-4RRNINJA|2A|CC201-400|COE5-8|AGE0-3|M-NA|COND3
https://sgbikemart.com.sg/listing/usedbike/kawasaki-kawasaki-z900-rs/42276/,1,Available,Kawasaki,Z900RS,948,2,29000,27551,6-Nov,5/11/2033,1035,2.83,2617,7.16,NA,2,"Jurong East, Jurong West, Boon Lay",NA,#VALUE!,Not Specified,3,NA,NA,4,3,4,4,4,Used Kawasaki Z900 RS ABS For Sale.,,KAWASAKI|Z900RS|2|CC901-1200|COE5-8|AGE0-3|M20-40K|COND4
https://sgbikemart.com.sg/listing/usedbike/kawasaki-kawasaki-zx10r-ninja/41151/,1,Available,Kawasaki,ZX10R Ninja,998,2,26800,9000,16/7/2020,15/7/2030,2243,6.14,1408,3.85,NA,2,"Queenstown, Alexandra, Tiong Bahru",NA,#VALUE!,Not Specified,4,NA,NA,5,4,4,4,4,Preloved Kawasaki ZX10R Ninja Ready to Ride? Lets Make It Happen!,,KAWASAKI|ZX10RNINJA|2|CC901-1200|COE2-5|AGE6-10|M0-20K|COND4
https://sgbikemart.com.sg/listing/usedbike/kawasaki-kawasaki-zg1400gtr-concours-abs/40424/,1,Available,Kawasaki,ZG1400GTR Concours ABS,1352,2,22777,97139,9/7/2015,8/7/2035,4077,11.16,3227,8.84,NA,4,"Woodlands, Admiralty",NA,#VALUE!,Not Specified,4,NA,NA,4,4,4,4,4,Pre Owned Kawasaki ZG1400GTR Concours ABS For Sale. COE Till July 2035.,,KAWASAKI|ZG1400GTRCONCOURSABS|2|CC1200+|COE8-10|AGE10-15|M80-120K|COND4
https://sgbikemart.com.sg/listing/usedbike/kawasaki-kawasaki-zg1400gtr-concours/40423/,1,Available,Kawasaki,ZG1400GTR Concours Concours,1352,2,18777,194194,15/1/2013,14/1/2033,4982,13.64,2322,6.36,NA,2,"Woodlands, Admiralty",NA,#VALUE!,Not Specified,1,NA,NA,3,3,2,3,3,Pre Owned Kawasaki ZG1400GTR Concours For Sale.,,KAWASAKI|ZG1400GTRCONCOURSCONCOURS|2|CC1200+|COE5-8|AGE10-15|M120K+|COND2
https://sgbikemart.com.sg/listing/usedbike/kawasaki-kawasaki-z1000sx/36828/,6,Available,Kawasaki,Z1000SX,1043,2,34800,37789,12/7/2023,11/7/2033,1152,3.15,2500,6.84,NA,1,"Queenstown, Alexandra, Tiong Bahru",NA,#VALUE!,Not Specified,3,NA,NA,4,3,4,4,4,Kawasaki Z1000SX For Sale!,,KAWASAKI|Z1000SX|2|CC901-1200|COE5-8|AGE3-6|M20-40K|COND4
https://sgbikemart.com.sg/listing/usedbike/kawasaki-kawasaki-zg1400gtr-concours-abs/42345/,6,Reserved,Kawasaki,ZG1400GTR Concours ABS,1352,2,22300,153657,15/1/2015,15/12/2035,4252,11.64,3387,9.27,NA,2,"Yishun, Sembawang",NA,#VALUE!,Not Specified,3,NA,NA,5,4,5,5,5,??Used Kawasaki ZG1400GTR Concours ABS For Sale?? COE Till (12/2035) ??Lowest Price In The Market??,,KAWASAKI|ZG1400GTRCONCOURSABS|2|CC1200+|COE8-10|AGE10-15|M120K+|COND4
https://sgbikemart.com.sg/listing/usedbike/kawasaki-kawasaki-z1000-abs/42459/,7,Available,Kawasaki,Z1000,1043,2,16800,157000,10/4/2015,31/3/2035,4167,11.41,3128,8.56,NA,2,"Queenstown, Alexandra, Tiong Bahru",NA,#VALUE!,Not Specified,2,NA,NA,4,3,4,4,4,Pre-owned Kawasaki Z1000 ABS For Sale. Ready To Ride? Let’s Make It Happen!,,KAWASAKI|Z1000|2|CC901-1200|COE8-10|AGE10-15|M120K+|COND3
https://sgbikemart.com.sg/listing/usedbike/kawasaki-kawasaki-z1000sx/41355/,14,Available,Kawasaki,Z1000SX,1043,2,18800,30296,14/10/2015,7/3/2027,3980,10.90,182,0.50,NA,4,"Hillview, Bukit Panjang, Bukit Batok, Choa Chu Kang",NA,#VALUE!,Not Specified,2,NA,NA,5,3,5,4,4,Kawasaki Z1000SX For Sale.,,KAWASAKI|Z1000SX|2|CC901-1200|COE0-2|AGE10-15|M20-40K|COND4
https://sgbikemart.com.sg/listing/usedbike/kawasaki-kawasaki-z1000/32397/,56,Available,Kawasaki,Z1000,1043,2,18577,121111,21/1/2016,20/1/2026,3881,10.63,0,0.00,NA,4,"Woodlands, Admiralty",NA,#VALUE!,Not Specified,1,NA,NA,1,1,1,1,1,Used Kawasaki Z1000sx For Sale. Well Maintained. Best For Short Term Use. Grab Yours Before Its Gone!,,KAWASAKI|Z1000|2|CC901-1200|COE0-2|AGE10-15|M120K+|COND1
https://sgbikemart.com.sg/listing/usedbike/kawasaki-kawasaki-z1000-abs/41511/,90,Available,Kawasaki,Z1000 ABS,1043,2,15500,152000,10/4/2015,1/3/2035,4167,11.41,3098,8.48,NA,1,,NA,#VALUE!,Not Specified,3,NA,NA,5,3,3,4,3,Kawasaki Z1000 ABS For Sale. Pristine Condition. Well Maintained. One Owner Unit.,,KAWASAKI|Z1000ABS|2|CC901-1200|COE8-10|AGE10-15|M120K+|COND4
https://sgbikemart.com.sg/listing/usedbike/kawasaki-kawasaki-zx1000/42137/,35,Available,Kawasaki,ZX10R Ninja ABS,998,2,20500,39300,20/6/2017,19/6/2027,3365,9.21,286,0.78,NA,3,,NA,#VALUE!,Not Specified,5,NA,NA,5,3,4,4,4,Kawasaki ZX10R Ninja For Sale. Good Condition. Well Maintained. Regularly Serviced.,,KAWASAKI|ZX10RNINJAABS|2|CC901-1200|COE0-2|AGE6-10|M20-40K|COND4
https://sgbikemart.com.sg/listing/usedbike/kawasaki-kawasaki-z900/42104/,35,Available,Kawasaki,Z900,948,2,8888,34354,10/8/2018,9/8/2028,2949,8.07,703,1.92,NA,1,,NA,#VALUE!,Not Specified,5,NA,NA,4,2,3,2,3,Kawasaki Z900 For Sale. Good Condition. Well Maintained. Fully Paid. Low Mileage. Regularly Serviced.,,KAWASAKI|Z900|2|CC901-1200|COE0-2|AGE6-10|M20-40K|COND3
https://sgbikemart.com.sg/listing/usedbike/kawasaki-kawasaki-zx12r-ninja/42060/,42,Available,Kawasaki,ZX12R Ninja,1199,2,8800,45000,10/1/2003,31/12/2027,8640,23.66,481,1.32,NA,4,,NA,#VALUE!,Not Specified,2,NA,NA,2,1,1,2,2,Kawasaki ZX-12R Ninja For Sale.,,KAWASAKI|ZX12RNINJA|2|CC901-1200|COE0-2|AGE15+|M40-80K|COND2
Kawasaki Z1000SX Sport Touring Motorcycle,5,Available,Kawasaki,Z1000SX,1043,2,16500,75,19/3/2015,1/3/2035,4189,11.47,3098,8.48,NA,NA,"Jurong East, Jurong West, Boon Lay",NA,#VALUE!,Not Specified,1,NA,NA,4,4,4,4,4,Kawasaki Z1000SX Sport Touring Motorcycle,,KAWASAKI|Z1000SX|2|CC901-1200|COE8-10|AGE10-15|M0-20K|COND3
https://carousell.app.link/kBKiSEMN95b,5,Available,Honda,ADV350,330,2A,2000,NA,23/5/2025,22/5/2035,471,1.29,3180,8.71,NA,NA,"Punggol, Sengkang, Hougang, Kovan, Serangoon, Lorong Ah Soo",NA,,Installments,1,NA,NA,5,5,5,5,5,2025 Brand new Honda ADV350 for sales!,,HONDA|ADV350|2A|CC201-400|COE8-10|AGE0-3|M-NA|COND4
https://carousell.app.link/0cpaAiHO95b,5,Available,Honda,NC750XA,745,2,11000,NA,NA,15/11/2035,#VALUE!,#VALUE!,3357,9.19,,,,,,,,,,,,,,,,,#VALUE!
"KTM 300 EXC 2017, Motorcycles, Used Motorcycles, Class 2A on Carousell",5,Available,KTM,300 EXC,300,2A,9999,55000,6/4/2017,6/4/2027,3440,9.42,212,0.58,NA,1,"Yishun, Sembawang",NA,NA,Not Specified,4,NA,NA,3,4,5,4,5,"2017 KTM EXC 300 – Last of the Carb Models Selling my 2017 KTM EXC 300 carburettor model. One of the last carburettor EXC 300s, making it a simpler and less troublesome option compared to the newer fuel-injected models. * Only ~5,000 km mileage, 110 hours. * Good condition * Front & rear suspension recently serviced and re-valved * New rear tyre * Newly installed Tubliss system * Inspection just passed * COE valid until 6 April 2027 * Good for COE renewal Low mileage and well maintained. A great option for someone looking for a 300 EXC carb model with the option to renew COE. Serious buyers, feel free to PM for more details.",,KTM|300EXC|2A|CC201-400|COE0-2|AGE6-10|M40-80K|COND4
"KTM RC200 White Orange, Motorcycles, Used Motorcycles, Class 2B on Carousell",6,Available,KTM,RC 200,200,2B,500,25000,29/9/2016,29/9/2026,3629,9.94,23,0.06,29/9/2026,NA,"Punggol, Sengkang, Hougang, Kovan, Serangoon, Lorong Ah Soo",NA,NA,Not Specified,2,NA,NA,3,2,3,NA,1,,,KTM|RC200|2B|CC0-200|COE0-2|AGE6-10|M20-40K|COND3
https://carousell.app.link/SCWtuaukd6b,7,Available,KTM,RC 200,200,2B,14800,,29/3/2016,29/3/2036,3813,10.45,3492,9.56,NA,NA,"Kranji, Lim Chu Kang, Sungei Gedong, Tengah",NA,NA,Not Specified,3,NA,NA,4,4,4,5,2,Renewed 10years COE. Wear & Tear done up. Aesthetics needs some work. A whole set of spares to be handed over.,No mileage,KTM|RC200|2B|CC0-200|COE8-10|AGE10-15|M-NA|COND4
https://carousell.app.link/qnyJll3kd6b,1,Available,Royal Enfield,Continental GT 650,648,2,11800,37275,1/9/2020,31/8/2030,2196,6.02,1455,3.98,NA,NA,"Kranji, Lim Chu Kang, Sungei Gedong, Tengah",NA,NA,Not Specified,3,NA,NA,4,5,5,4,3,"The Royal Enfield Continental GT 650 is an accessible, retro-styled café racer. It features a 648cc parallel-twin engine producing 47 horsepower and 52 Nm of torque. Weighing 198 kg, it offers a distinct aggressive riding posture via standard clip-on handlebars.",,ROYALENFIELD|CONTINENTALGT650|2|CC401-650|COE2-5|AGE6-10|M20-40K|COND4
https://carousell.app.link/xV4xnCmld6b,7,Available,Royal Enfield,Continental GT 650,648,2,12800,18000,20/12/2022,19/12/2032,1356,3.72,2296,6.29,NA,NA,"Punggol, Sengkang, Hougang, Kovan, Serangoon, Lorong Ah Soo",NA,NA,Not Specified,3,NA,NA,3,4,3,4,4,"Royal Enfield Continental GT650 Class 2 Bike COE till 12 Dec 2032 (~6 years 4 months) Mileage: ~ 18,000 (very low) Air-cooled Super low maintenance. I go overseas for 2 weeks and still starts perfectly (no battery drain). Only engine oil/filter and other wear and tear (like chain, spark plug, tyres) needs to be changed as it is air-cooled.",,ROYALENFIELD|CONTINENTALGT650|2|CC401-650|COE5-8|AGE3-6|M0-20K|COND3
https://carousell.app.link/KTS9Aozld6b,6,Available,Triumph,Tiger 800 XCX,800,2,11500,na,18/7/2019,31/07/2029,2607,7.14,#VALUE!,#VALUE!,NA,NA,"Tampines, Pasir Ris",NA,NA,Not Specified,4,NA,NA,3,3,4,3,4,"Consignment TRIUMPH TIGER 800 XCX for sale!! • $11,500 on the road without insurance • COE Expiry 31 July 2029 • Low mileage • Comes with aluminium luggage with pannier racks (sides and back) and engine guards",,#VALUE!
